CWE Number,ParentOf,ChildOf,MemberOf,PeerOf,CanPrecede,CanFollow,CanAlsoBe
5,[],[319],[],[],[],[],[]
6,[],[334],[1018],[],[],[],[]
7,[],[756],[],[],[],[],[]
8,[],[668],[],[],[],[],[]
9,[],[266],[],[],[],[],[]
11,[],[489],[],[],[],[],[]
12,[],[756],[],[],[],[],[]
13,[],[260],[],[],[],[],[]
14,[],[733],[],[],[],[],[]
15,[],"[610, 20, 642]","[371, 1011]",[],[],[],[]
19,[],[],[],[],[],[],[]
20,"[129, 1284, 1285, 1286, 1287, 1288, 1289, 134, 15, 785, 1173, 170, 179, 190, 73, 466, 470, 102, 103, 104, 105, 106, 107, 108, 109, 622, 110, 111, 112, 113, 114, 117, 119, 120]",[707],"[1003, 1019]",[345],"[770, 41, 74, 22, 119]",[],[]
22,"[36, 23]","[706, 668]",[1219],[],[],"[73, 172, 20]",[]
23,"[32, 33, 34, 35, 24, 25, 26, 27, 28, 29, 30, 31]",[22],[],[],[],[],[]
24,[],[23],[],[],[],[],[]
25,[],[23],[],[],[],[],[]
26,[],[23],[],[],[],[],[]
27,[],[23],[],[],[],[],[]
28,[],[23],[],[],[],[],[]
29,[],[23],[],[],[],[],[]
30,[],[23],[],[],[],[],[]
31,[],[23],[],[],[],[],[]
32,[],[23],[],[],[],[],[]
33,[],[23],[],[],[],[182],[]
34,[],[23],[],[],[],[182],[]
35,[],[23],[],[],[],[182],[]
36,"[40, 37, 38, 39]",[22],[],[],[],[],[]
37,[],"[160, 36]",[],[],[],[],[]
38,[],[36],[],[],[],[],[]
39,[],[36],[],[],[],[],[]
40,[],[36],[],[],[],[],[]
41,"[42, 44, 46, 47, 48, 49, 50, 51, 52, 53, 54, 55, 56, 57, 58]",[706],[1219],[1289],[],"[73, 172, 20]",[]
42,[43],"[41, 162]",[],[],[],[],[]
43,[],"[42, 163]",[],[],[],[],[]
44,[45],[41],[],[],[],[],[]
45,[],"[44, 165]",[],[],[],[],[]
46,[],"[41, 162]",[],[],[289],[],[]
47,[],[41],[],[],[],[],[]
48,[],[41],[],[],[],[],[]
49,[],"[41, 162]",[],[],[],[],[]
50,[],"[41, 161]",[],[],[],[],[]
51,[],[41],[],[],[],[],[]
52,[],"[41, 163]",[],[],[289],[],[]
53,[],"[41, 165]",[],[],[],[],[]
54,[],"[41, 162]",[],[],[],[],[]
55,[],[41],[],[],[],[],[]
56,[],"[41, 155]",[],[],[],[],[]
57,[],[41],[],[],[],[],[]
58,[],[41],[],[],[],[],[]
59,"[64, 65, 1386, 61, 62]",[706],"[1219, 1019]",[],[],"[73, 363]",[]
61,[],[59],[],[],[],[],[]
62,[],[59],[],[],[],[],[]
64,[],[59],[],[],[],[],[]
65,[],[59],[],[],[],[],[]
66,"[72, 67, 69]",[706],[1219],[],[],[],[]
67,[],[66],[],[],[],[],[]
69,[],[66],[],[],[],[],[]
72,[],[66],[],[],[],[],[]
73,[114],"[610, 20, 642]","[1015, 399]",[],"[98, 41, 434, 22, 59]",[],[]
74,"[99, 75, 77, 78, 79, 943, 1236, 917, 88, 89, 91, 93, 94]",[707],"[1003, 1019]",[],[],"[116, 20]",[]
75,[76],[74],[1019],[],[],[],[]
76,[],[75],"[137, 1019]",[],[],[],[]
77,"[88, 624, 917, 78]",[74],[1019],[],[],[],[]
78,[],"[74, 77]","[137, 1019]",[],[],[184],[88]
79,"[80, 81, 83, 84, 85, 86, 87]",[74],"[137, 1019]",[352],[494],"[184, 113]",[]
80,[],[79],[],[],[],[],[]
81,[],[79],[],[],[],[],"[209, 390]"
82,[],[83],[],[],[],[],[]
83,[82],[79],[],[],[],[],[]
84,[],[79],[],[],[],[],[]
85,[],[79],[],[675],[],[],[]
86,[],"[436, 79]",[],[184],[],[],[]
87,[],[79],[],[],[],[],[]
88,[],"[74, 77]","[137, 1019]",[],[],[],[]
89,[564],"[74, 943]","[137, 1019]",[],[],[456],[]
90,[],[943],"[137, 1019]",[],[],[],[]
91,"[643, 652]",[74],"[137, 1019]",[],[],[],[]
93,[113],[74],"[137, 1019]",[],[117],[],[]
94,"[96, 1336, 95]","[913, 74]","[137, 1019]",[],[],[98],[]
95,[],[94],[1019],[],[],[],[]
96,[97],[94],[1019],[],[],[],[]
97,[],[96],[1019],[],[],[],[]
98,[],"[706, 829]",[1019],[],[94],"[456, 73, 425, 184, 473]",[426]
99,"[641, 914, 694]",[74],[1019],[706],[],[],[73]
102,[],"[20, 1173, 694]",[],[675],[],[],[]
103,[],"[20, 573]",[],[],[],[],[]
104,[],"[20, 573]",[],[],[],[],[]
105,[],"[20, 1173]",[],[],[],[],[]
106,[],"[20, 1173]",[],[],[],[],[]
107,[],"[1164, 20]",[],[],[],[],[]
108,[],"[20, 1173]",[],[],[],[],[]
109,[],"[20, 1173]",[],[],[],[],[]
110,[],"[1164, 20]",[],[],[],[],[]
111,[],"[20, 695]",[],[],[],[],[]
112,[],"[20, 1286]",[1215],[],[],[],[]
113,[],"[436, 20, 93]",[],[],[79],[],[]
114,[],"[73, 20]",[1011],[],[],[],[]
115,[],[436],[438],[],[],[],[]
116,"[644, 117, 838]",[707],[1003],[],[74],[],[]
117,[],"[116, 20]","[137, 1210, 1009]",[],[],[93],[]
118,[119],[664],[],[],[],[],[]
119,"[130, 805, 466, 787, 786, 788, 822, 823, 120, 824, 825, 123, 125]","[20, 118]",[1003],[],[],"[128, 129, 193, 131, 195, 839, 1257, 843, 1260, 20, 1339, 190]",[]
120,[785],"[20, 119]",[1218],[],[123],"[416, 170, 456, 231]",[]
121,[],"[787, 788]",[],[],[],[],[]
122,[],"[787, 788]",[],[],[],[],[]
123,[],"[787, 119]",[],[415],[],"[416, 134, 364, 590, 120, 479]",[]
124,[],"[786, 787]",[1218],[],[],[839],[]
125,"[126, 127]",[119],[1218],[],[],"[824, 825, 822, 823]",[]
126,[],"[788, 125]",[],[],[],[170],[]
127,[],"[786, 125]",[],[],[],[],[]
128,[],[682],[189],[190],[119],[],[]
129,[],"[20, 1285]",[],[],"[823, 789, 119]",[],[]
130,[],"[240, 119]",[19],[],[805],[],[]
131,[467],[682],[1218],[],[119],[],[]
133,[],[],[],[],[],[],[]
134,[],"[668, 20]",[133],[],[123],[],[]
135,[],[682],[133],[],[],[],[]
136,[],[],[],[],[],[],[]
137,[],[],[],[],[],[],[]
138,"[140, 147, 148, 149, 790, 150, 151, 152, 153, 154, 155, 156, 157, 158, 160, 159, 162, 164, 464]",[707],[1019],[],[],[],[]
140,"[141, 142, 143, 144, 145, 146]",[138],[137],[],[],[],[]
141,[],[140],[],[],[],[],[]
142,[],[140],[],[],[],[],[]
143,[],[140],[],[],[],[],[]
144,[],[140],[],[],[],[],[93]
145,[],[140],[],[],[],[],[93]
146,[],[140],[],[],[],[],[]
147,[626],[138],[],[],[],[],[]
148,[],[138],[],[],[],[],[]
149,[],[138],[],[],[],[],[]
150,[],[138],[1019],[],[],[],[]
151,[],[138],[],[],[],[],[]
152,[],[138],[],[],[],[],[]
153,[],[138],[],[],[],[],[]
154,[],[138],[],[],[],[],[]
155,[56],[138],[],[],[],[],[]
156,[],[138],[],[],[],[],[]
157,[],[138],[],[],[],[],[]
158,[],[138],[],[],[],[],[]
159,"[168, 166, 167]",[138],[],[],[],[],[]
160,"[161, 37]",[138],[],[],[],[],[]
161,[50],[160],[],[],[],[],[]
162,"[163, 42, 46, 49, 54]",[138],[],[],[],[],[]
163,"[43, 52]",[162],[],[],[],[],[]
164,[165],[138],[],[],[],[],[]
165,"[53, 45]",[164],[],[],[],[],[]
166,[],"[228, 159]",[19],[],[],[],[]
167,[],"[228, 159]",[19],[],[],[],[]
168,[],"[228, 159]",[19],[],[],[],[]
170,[],"[707, 20]",[137],"[464, 463]","[120, 126]","[193, 682]",[147]
172,"[173, 174, 175, 176, 177]",[707],[],[],"[41, 22]",[],[]
173,[],[172],[],[],[289],[],[]
174,[],"[675, 172]",[],[],[],[],[]
175,[],[172],[],[],[],[],[]
176,[],[172],[],[],[],[],[]
177,[],[172],[],[],[],[],[]
178,[],[706],[19],[1289],"[289, 433]",[],[]
179,"[180, 181]","[696, 20]","[438, 1215]",[],[],[],[]
180,[],[179],[],[],[],[],[]
181,[],[179],[],[],[],[],[]
182,[],[693],[19],[],"[33, 34, 35]",[185],[]
183,[942],[697],[1215],"[625, 627]",[434],[],[]
184,[692],"[693, 1023]",[1215],"[625, 86]","[434, 98, 78, 79]",[],[]
185,"[625, 186]",[697],[],[],"[187, 182]",[],[]
186,[],[185],[19],[],[],[],"[184, 183]"
187,[],[1023],[],[625],[],[185],[]
188,[198],"[1105, 435]",[],[],[],[],[]
189,[],[],[],[],[],[],[]
190,[680],"[682, 20]",[189],"[128, 1339]",[119],[],[]
191,[],[682],[189],[],[],[],[]
192,[],[681],[],[],[],[],[]
193,[],[682],[189],[],"[617, 170, 119]",[],[]
194,[],[681],[],[],[],[],[]
195,[],[681],[],[],[119],[839],[]
196,[],[681],[],[],[],[],"[120, 124]"
197,[],[681],[],[],[],[],"[192, 194, 195, 196]"
198,[],[188],[],[],[],[],[]
199,[],[],[],[],[],[],[]
200,"[359, 201, 1258, 203, 1295, 209, 497, 532, 213, 215, 1273, 538]",[668],[1003],[],[],"[1272, 498, 499]",[]
201,[598],[200],"[1015, 199]",[],[],"[226, 212]","[209, 202]"
202,[],[1230],[],[],[],[],[]
203,"[204, 205, 208, 1300, 1303]",[200],[1205],[],[],[],[]
204,[],[203],[199],[],[],[],[]
205,"[206, 207]",[203],[199],[],[514],[],[]
206,[],[205],[],[],[],[],[]
207,[],[205],[],[],[],[],[]
208,[1254],[203],"[1012, 199]",[],"[385, 327]",[],[]
209,"[210, 211, 550]","[200, 755]","[1015, 389, 199]",[1295],[],"[600, 756]",[]
210,[],[209],[1016],[],[],[],[]
211,"[536, 537, 535]",[209],[1016],[],[],[],[]
212,"[226, 1258]",[669],"[1015, 452, 199]",[],[201],[],[]
213,[],[200],[199],[],[],[],[]
214,[],[497],"[1016, 199]",[526],[],[],[]
215,[],[200],[199],[],[],[489],[]
219,[433],[552],[1011],[],[],[],[]
220,[],[552],[1011],[],[],[],[]
221,"[224, 451, 356, 396, 397, 222, 223]",[664],[],[],[],[],[]
222,[],[221],[1210],[],[],[],[]
223,[778],[221],"[1009, 1210]",[],[],[],[]
224,[],[221],"[1009, 1210]",[],[],[],[]
226,"[244, 1301, 1239, 1272, 1342]","[459, 212]",[1202],[],[201],[],[]
228,"[229, 166, 167, 168, 233, 237, 241]","[707, 703]",[],[],[],[],[]
229,"[232, 230, 231]",[228],[19],[],[],[],[]
230,[],[229],[],[],[],[],[]
231,[],[229],[],[],[120],[],[]
232,[],[229],[],[],[],[],[]
233,"[234, 235, 236]",[228],[19],[],[],[],[]
234,[],[233],[],[],[],[],[]
235,[],[233],[],[],[],[],[]
236,[],[233],[],[],[],[],[]
237,"[240, 238, 239]",[228],[19],[],[],[],[]
238,[],[237],[],[],[],[],[]
239,[],[237],[],[404],[],[],[]
240,[130],"[707, 237]",[],[],[],[],[]
241,[],[228],[19],[],[],[],[]
242,[],[1177],[1228],[],[],[],[]
243,[],"[573, 669]","[265, 1015]",[],[],[],[]
244,[],[226],[],[],[669],[],[]
245,[],[695],[],[],[],[],[]
246,[],[695],[],[],[],[],[]
248,[600],"[705, 755, 703]",[389],[],[],[],[]
250,[],"[657, 269]","[265, 1015]",[],[],[],[]
252,[690],[754],[389],[273],[476],[],[]
253,[],"[754, 573]",[389],[],[],[],[]
255,[],[],[],[],[],[],[]
256,[],[522],"[1013, 255]",[],[],[],[]
257,[],[522],"[1013, 255]","[259, 798]",[],[],[]
258,[],"[521, 260]",[1010],[],[],[],[]
259,[],[798],[1010],"[321, 257]",[],[656],[]
260,"[258, 555, 13]",[522],"[1013, 255]",[],[],[],[]
261,[],[522],"[1013, 310, 255]",[],[],[],[]
262,[],[1390],"[1010, 255]","[324, 309]",[],[],[]
263,[],[1390],"[1010, 255]",[],[],[],[]
265,[],[],[],[],[],[],[]
266,"[520, 9, 556, 1022]",[269],"[265, 1011]",[],[],[],[286]
267,[623],[269],"[265, 1011]",[],[],[],[]
268,[],[269],"[265, 1011]",[],[],[],[]
269,"[648, 266, 267, 268, 270, 271, 274, 250]",[284],[1011],[],[],[],[]
270,[],[269],"[265, 1011]",[],[],[],[]
271,"[272, 273]",[269],[1011],[274],[],[],[]
272,[],[271],"[265, 1011]",[],[],[],[]
273,[],"[754, 271]","[265, 1011]",[252],[],[],[]
274,[],"[755, 269]","[265, 1011]",[271],[],[],[280]
275,[],[],[],[],[],[],[]
276,[],[732],"[275, 1198, 1011]",[],[],[],[]
277,[],[732],"[275, 1011]",[],[],[],[]
278,[],[732],[275],[],[],[],[]
279,[],[732],"[275, 1011]",[],[],[],[]
280,[],[755],"[265, 275, 1011]",[636],[],[],[]
281,[],[732],"[275, 1011]",[],[],[],[]
282,"[283, 708]",[284],[1011],[],[],[],[]
283,[],[282],"[840, 1011]",[],[],[],[]
284,"[1280, 1283, 1290, 1292, 269, 1294, 1296, 1304, 282, 923, 285, 286, 287, 1311, 1312, 1313, 1315, 1316, 1317, 288, 1191, 1320, 1323, 1334, 1220, 1224, 1231, 1233, 1242, 346, 862, 863, 1252, 1257, 1259, 1260, 749, 1262, 1263, 1267, 1268, 1270, 1274, 1276, 639]",[],"[1000, 1011]",[],[],[],[]
285,"[552, 1256, 1230, 1328, 862, 1297, 927, 732, 926, 863]",[284],[1011],[],[],[],[]
286,[842],[284],[1011],[],[],[],[]
287,"[640, 290, 645, 294, 295, 521, 522, 1390, 306, 307, 798]",[284],"[1010, 1003]",[],[],[613],[]
288,"[425, 1299]","[306, 284]",[1010],[420],[],[],[]
289,[],[1390],"[1010, 1211]",[],[],"[178, 52, 173, 46]",[]
290,"[291, 293, 350]","[1390, 287]","[1010, 1211]",[602],[],[],[]
291,[],"[290, 923, 471]",[1010],[],[],[],[]
293,[],[290],[1010],[],[],[],[]
294,[],"[1390, 287]","[1010, 1211]",[],[],[],[]
295,"[296, 297, 298, 299, 599]",[287],"[1211, 1014]",[322],[],[],[]
296,[],"[573, 295]",[1014],[370],[],[],[]
297,[],"[923, 295]",[1014],[370],[],[],[]
298,[],"[672, 295]",[1014],"[370, 324]",[],[],[]
299,[370],"[404, 295]",[1014],[],[],[],[]
300,[],[923],[1011],"[602, 603]",[],[],[]
301,[],[1390],"[1010, 1211]",[327],[],[],[]
302,[],"[1390, 807]",[1010],[],[],[],[]
303,[304],[1390],"[1010, 1211]",[],[],[],[]
304,[],"[573, 303]",[1010],[],[],[],[]
305,[],[1390],"[1010, 1211]",[],[],[],[]
306,"[288, 322]",[287],"[1010, 1211]",[],[],[],[]
307,[],"[799, 1390, 287]","[1010, 1211]",[],[],[],[]
308,[],"[1390, 654]","[1010, 1211]",[309],[],[],[]
309,[],"[1390, 654]",[1211],"[308, 262]",[],[],[]
310,[],[],[],[],[],[],[]
311,"[312, 319]",[693],"[1003, 1013]",[327],[],[],[]
312,"[526, 313, 314, 315, 316, 317, 318]","[922, 311]","[1013, 199]",[],[],[],[]
313,[],[312],[1013],[],[],[],[]
314,[],[312],[1013],[],[],[],[]
315,[],[312],[1013],[],[],[],[]
316,[],[312],[1013],[],[],[],[]
317,[],[312],[1013],[],[],[],[]
318,[],[312],[1013],[],[],[],[]
319,"[5, 614]",[311],"[1207, 1013, 199]",[],[],[],[]
320,[],[],[],[],[],[],[]
321,[],[798],[1013],"[1291, 259]",[],[656],[]
322,[],[306],"[320, 417, 1010, 1211, 1214]",[295],[923],[],[]
323,[],[344],"[320, 1013]",[],[],[],[]
324,[],[672],"[320, 1013, 310, 255]","[298, 262]",[],[],[]
325,[],[573],"[1013, 1205, 310]",[358],[],[],[]
326,[328],[693],[1013],[],[],[],[]
327,"[328, 916, 780, 1240]",[693],"[1003, 1013]","[301, 311]",[],[208],[]
328,[916],"[326, 327]","[1013, 310]",[],[],[],[]
329,[],"[1204, 573]",[],[],[],[],[]
330,"[331, 334, 335, 338, 340, 1204, 344, 1241]",[693],"[1003, 1013]",[],[804],[],[]
331,"[332, 333]",[330],"[1013, 1213, 310]",[],[],[],[]
332,[],[331],[1013],[],[],[],[]
333,[],"[331, 755]",[1013],[],[],[],[]
334,[6],[330],"[1013, 1213, 310]",[],[],[],[]
335,"[336, 337, 339]",[330],"[1013, 1213, 310]",[],[],[],[]
336,[],[335],[1013],[],[],[],[]
337,[],[335],[1013],[],[],[],[]
338,[],[330],"[1013, 1213, 310]",[],[],[],[]
339,[],[335],[1013],[341],[],[],[]
340,"[341, 342, 343]",[330],[],[],[384],[],[]
341,[],[340],"[1011, 1213]",[339],[],[],[]
342,[],[340],[1213],[],[],[],[]
343,[],[340],[1213],[],[],[],[]
344,"[587, 323, 798]",[330],[1213],[],[],[],[]
345,"[352, 353, 354, 646, 360, 616, 649, 924, 1293, 494, 346, 347, 348, 349, 351]",[693],"[1003, 1014]","[1304, 20]",[],[],[]
346,"[1385, 940]","[345, 284]","[417, 1214, 1014]",[451],[],[],[]
347,[],[345],"[310, 1013, 1214]",[],[],[],[]
348,[],[345],[1214],[],[],[],[]
349,[],[345],"[1019, 1214]",[],[],[],[]
350,[],"[290, 807]",[],[],[923],[],[]
351,[],[345],[1214],"[434, 436]",[],[],[]
352,[],[345],[1019],[79],[],[1275],[]
353,[],[345],"[1020, 1214]",[354],[],[],[]
354,[],"[345, 754]","[1020, 1214]",[353],[],[],[]
355,[],[],[],[],[],[],[]
356,[],[221],[355],[],[],[],[]
357,[450],[693],[355],[],[],[],[]
358,[],"[573, 693]",[1006],[325],[],[],"[345, 290]"
359,[],[200],"[1011, 199]",[],[],[],[]
360,[422],[345],[1006],[],[],[],[]
362,"[421, 1223, 364, 366, 367, 368, 689, 1298]",[691],[1003],[],"[416, 476]",[662],[]
363,[],[367],[],[],[59],[],[]
364,"[432, 828, 831]",[362],"[387, 557]",[],"[416, 123, 415]",[],[]
366,[],"[362, 662]",[557],[],[],[],[]
367,[363],[362],[557],[386],[],[609],[]
368,[],[362],[557],[],[],[],[364]
369,[],[682],[189],[],[],[],[]
370,[],[299],[1014],"[296, 297, 298]",[],[],[]
371,[],[],[],[],[],[],[]
372,[],[664],[371],[],[],[],[]
374,[],[668],[371],[],[],[],[]
375,[],[668],[371],[],[],[],[]
377,"[378, 379]",[668],[],[],[],[],[]
378,[],[377],[1219],[],[],[],[]
379,[],[377],[1219],[],[],[],[]
382,[],[705],[],[],[],[],[]
383,[],[695],[],[],[],[],[]
384,[],[610],[1018],[],[],[340],[]
385,[],[514],[417],[],[],[208],[]
386,[],[706],[557],"[610, 486, 367]",[],[],[]
387,[],[],[],[],[],[],[]
389,[],[],[],[],[],[],[]
390,[],[755],"[1020, 389]",[600],[401],[],[]
391,[],"[754, 703]","[1020, 389]",[],[],[],[]
392,[],"[755, 684, 703]","[1012, 389]",[],[],[],[]
393,[],"[684, 703]",[389],[],[],[],[]
394,[],[754],[389],[],[],[],[]
395,[],"[705, 755]",[389],[],[],[],[]
396,[],"[705, 755, 221]",[389],[],[],[],[]
397,[],"[705, 221, 703]",[389],[],[],[],[]
399,[],[],[],[],[],[],[]
400,"[770, 771, 779, 1235, 405, 920, 1246]",[664],[1003],[],[],[410],[]
401,[],"[404, 772]",[],[],[],[390],[]
402,"[619, 403]",[668],[],[],[],[],[]
403,[],[402],"[1011, 399]",[],[],[],[]
404,"[772, 775, 299, 459, 401, 1266, 761, 762, 763]",[664],[1003],"[405, 239]",[619],[],[]
405,"[1089, 1094, 776, 1072, 1073, 406, 407, 408, 409, 1050, 1084, 1176]",[400],[],[404],[],[],[]
406,[],[405],[],[],[],[941],[]
407,[1333],[405],[1003],[],[],[],[]
408,[],"[696, 405]",[438],[],[],[],[]
409,[],[405],[19],[],[],[],[]
410,[],[664],[399],[],[400],[],[]
411,[],[],[],[],[],[],[]
412,[],[667],[411],[],[],[],[410]
413,[591],[667],[411],[],[],[],[]
414,[],[667],[411],[],[],[],[]
415,[],"[672, 825, 666, 1341]",[],"[416, 123]",[],[364],[]
416,[],"[672, 825]",[],[415],"[120, 123]","[1265, 362, 754, 364]",[]
417,[],[],[],[],[],[],[]
419,[],[923],"[417, 1011]",[],[],[],[]
420,"[1299, 421, 422]",[923],"[417, 1011]",[288],[],[],[]
421,[],"[362, 420]",[557],[],[],[],[]
422,[],"[360, 420]",[],[],[],[],[]
424,[425],"[693, 638]",[],[],[],[],[]
425,[],"[288, 862, 424]","[417, 1011, 1212]",[],"[98, 471]",[],[]
426,[],"[673, 642, 668]","[1219, 1011]","[427, 428]",[],[],[]
427,[],[668],[1219],[426],[],[],[]
428,[],[668],[1219],[426],[],[],[]
429,[],[],[],[],[],[],[]
430,[],[691],[429],[434],[433],[],[]
431,[],[691],[429],[],[433],[],[]
432,[],[364],[],[],[],[],[]
433,[],[219],[],[],[],"[178, 430, 431]",[]
434,[],[669],"[1011, 429]","[436, 430, 351]",[],"[184, 73, 183]",[]
435,"[436, 188, 1038, 439]",[],[1000],[],[],[],[]
436,"[650, 113, 626, 115, 437, 86, 444]",[435],[1003],"[434, 351]",[],[],[]
437,[],[436],[438],[],[],[],[]
438,[],[],[],[],[],[],[]
439,[],[435],[438],[],[],[],[]
440,[],[684],"[1208, 438]",[],[],[],[]
441,"[1021, 918]",[610],"[1198, 1014]",[611],[668],[],[]
444,[],[436],[438],[],[],[],[]
446,"[448, 449, 447]",[684],[],[],[],[],[]
447,[],"[446, 671]",[355],[],[],[],[]
448,[],[446],[355],[],[],[],[]
449,[],[446],[355],[],[],[],[]
450,[],[357],[],[],[],[],[]
451,"[1021, 1007]","[684, 221]",[],[346],[],[],[]
452,[],[],[],[],[],[],[]
453,[],[1188],[],[],[],[],[]
454,[],[1419],[452],[],[],[],[456]
455,[],"[665, 636, 705]",[452],[],[],[],[]
456,[],"[665, 909]",[],[],"[120, 89, 98, 457]",[],[]
457,[],"[665, 908]",[],[],[],[456],[]
459,"[568, 226, 460]",[404],[452],[],[],[],[]
460,[],"[459, 755]",[1012],[],[],[],[]
462,[],[694],[],[],[],[],[]
463,[],[707],[137],"[464, 170]",[],[],[]
464,[],[138],[137],"[170, 463]",[],[],[]
465,[],[],[],[],[],[],[]
466,[],"[20, 119]",[465],[],[],[],[]
467,[],[131],[],[],[],[],[]
468,[],[682],[465],[],[],[],[]
469,[],[682],[465],[],[],[],[]
470,[],"[913, 610, 20]",[399],[],[],[],[]
471,"[472, 473, 291, 607]",[664],[],[],[],"[1282, 425, 1321, 621, 602]",[]
472,[],"[642, 471]","[19, 1019]",[],[],[656],[]
473,[],[471],[1019],[616],[98],[],[]
474,[589],[758],[1228],[],[],[],[]
475,[],[573],[1228],[],[],[],[]
476,[],"[754, 710]",[465],[],[],"[362, 1325, 252, 789]",[]
477,[],[710],[1228],[],[],[],[]
478,[],[1023],[1006],[],[],[],[]
479,[],"[828, 663]",[],[],[123],[],[]
480,"[481, 482, 597]",[670],"[569, 133, 438]",[],[],[],[]
481,[],[480],[],[],[697],[],[]
482,[],[480],[],[],[],[],[]
483,[],[670],[438],[],[],[],[]
484,[],"[710, 670]",[438],[],[],[],[]
486,[],[1025],[],[386],[],[],[]
487,[],[664],[1006],[],[],[],[]
488,[],[668],"[1217, 1018]",[],[],[567],[]
489,[11],[710],[1006],[],[215],[],[]
491,[],[668],[],[],[],[],[]
492,[],[668],[],[],[],[],[]
493,[500],[668],[],[],[],[],[]
494,[],"[345, 669]","[1020, 1214]",[],[],[79],[]
495,[],[664],[],[],[],[],[]
496,[],[664],[],[],[],[],[]
497,"[548, 214]",[200],[199],[],[],[],[]
498,[],[668],[],[],[200],[],[]
499,[],[668],[],[],[200],[],[]
500,[],[493],[],[],[],[],[]
501,[],[664],[265],[],[],[],[]
502,[],[913],"[1019, 399]",[915],[],[],[]
506,"[512, 507, 510, 511]",[912],[],[],[],[],[]
507,"[508, 509]",[506],[],[],[],[],[]
508,[],[507],[],[],[],[],[]
509,[],[507],[],[],[],[],[]
510,[],[506],[],[],[],[],[]
511,[],[506],[],[],[],[],[]
512,[],[506],[],[],[],[],[]
514,"[385, 515]",[1229],[],[],[],[205],[]
515,[],[514],[417],[],[],[],[]
520,[],[266],[],[],[],[],[]
521,[258],"[1391, 287]","[1010, 255]",[],[],[],[]
522,"[256, 257, 260, 261, 549, 523]","[668, 1390, 287]",[1013],[],[],[],[]
523,[],[522],"[1013, 255]",[],[],[],[312]
524,[525],[668],[199],[],[],[],[]
525,[],[524],[],[],[],[],[]
526,[],[312],[],[214],[],[],[]
527,[],[552],[1011],[],[],[],[]
528,[],[552],[1011],[],[],[],[]
529,[],[552],[1011],[],[],[],[]
530,[],[552],[1011],[],[],[],[]
531,[],[540],[],[],[],[],[]
532,[],"[200, 538]",[1009],[],[],[],[]
535,[],[211],[],[],[],[],[]
536,[],[211],[],[],[],[],[]
537,[],[211],[],[],[],[],[]
538,"[651, 532, 540]",[200],"[1011, 199]",[],[],[],[]
539,[],[552],[],[],[],[],[]
540,"[531, 541, 615]",[538],[],[],[],[],[]
541,[],[540],[],[],[],[],[]
543,[],"[820, 662]",[],[],[],[],[]
544,[],[755],"[1012, 389]",[],[],[],[]
546,[],[1078],[],[615],[],[],[]
547,[],[1078],[1006],[],[],[],[]
548,[],[497],[],[],[],[],[]
549,[],[522],"[355, 255]",[],[],[],[]
550,[],[209],[1016],[],[],[],[]
551,[],"[696, 863]","[1011, 1212, 438]",[],[],[],[]
552,"[553, 527, 528, 529, 530, 539, 219, 220]","[668, 285]","[1011, 1212]",[],[],[],[]
553,[],[552],[],[],[],[],[]
554,[],[1173],[],[],[],[],[]
555,[],[260],[],[],[],[],[]
556,[],[266],[],[],[],[],[]
557,[],[],[],[],[],[],[]
558,[],[663],[],[],[],[],[]
560,[],[687],[],[],[],[],[]
561,[],[1164],[1006],[],[],"[570, 571]",[]
562,[],[758],[1006],[],"[672, 825]",[],[]
563,[],[1164],[1006],[],[],[],[]
564,[],[89],[],[],[],[],[]
565,[784],"[602, 669, 642]","[1020, 1214]",[],[],[],[]
566,[],[639],[1011],[],[],[],[]
567,[],"[820, 662]",[],[],[488],[],[]
568,[],"[459, 573]",[],[],[],[],[]
569,[],[],[],[],[],[],[]
570,[],[710],[569],[],[561],[],[]
571,[],[710],[569],[],[561],[],[]
572,[],[821],[],[],[],[],[]
573,"[675, 296, 304, 694, 695, 568, 577, 578, 579, 580, 325, 581, 329, 475, 358, 103, 104, 243, 628, 253]",[710],[],[],[],[],[]
574,[],"[821, 695]",[],[],[],[],[]
575,[],[695],[],[],[],[],[]
576,[],[695],[],[],[],[],[]
577,[],[573],[],[],[],[],[]
578,[],[573],[],[],[],[],[]
579,[],[573],[1018],[],[],[],[]
580,[],"[664, 573]",[265],[],[],[],[]
581,[],"[697, 573]",[1006],[],[],[],[]
582,[],[668],[],[],[],[],[]
583,[],[668],[],[],[],[],[]
584,[],[705],[389],[],[],[],[]
585,[],[1071],[],[],[],[],[]
586,[],[1076],[1006],[675],[],[],[]
587,[],"[344, 758]",[465],[],[],[],[]
588,[],"[704, 758]",[],[],[],[],[]
589,[],[474],[],[],[],[],[]
590,[],[762],[],[],[123],[],[]
591,[],[413],[],[],[],[],[]
593,[],"[666, 1390]",[1010],[],[],[],[]
594,[],[1076],[],[],[],[],[]
595,"[1097, 597]",[1025],[],[],[],[],[]
597,[],"[480, 595]",[],[],[],[],[]
598,[],[201],[],[],[],[],[]
599,[],[295],[1014],[],[],[],[]
600,[],[248],[],[390],[209],[],[]
601,[],[610],"[19, 1019]",[],[],[],[]
602,"[603, 565]",[693],[1012],"[290, 300, 836]",[471],[],[]
603,[],"[602, 1390]","[1010, 1211]","[656, 300]",[],[],[]
605,[],"[666, 675]",[1006],[],[],[],[]
606,[],[1284],[1215],[],[834],[],[]
607,[],[471],[],[],[],[],[]
608,[],[668],[],[],[],[],[]
609,[],[667],[411],[],[367],[],[]
610,"[384, 611, 73, 15, 601, 470, 918, 441, 1021]",[664],"[1003, 1015]",[386],[],[],[]
611,[],[610],"[19, 1015]",[441],[],[],[]
612,[],[1230],[],[],[],[],[]
613,[],[672],"[1217, 1018]",[],[287],[],[]
614,[],[319],[],[],[],[],[]
615,[],[540],[],[546],[],[],[]
616,[],[345],[],[473],[],[],[]
617,[],[670],[389],[],[],[193],[]
618,[],[749],[275],[623],[],[],[]
619,[],[402],[399],[],[],[404],[]
620,[],[1390],"[1010, 255]",[],[],[],[]
621,[],[914],[],[],[471],[],[]
622,[],[20],[],[],[],[],[]
623,[],[267],[],[618],[],[],[]
624,[],[77],[19],[],[],[],[]
625,[777],[185],[19],"[184, 187, 183]",[],[],[]
626,[],"[147, 436]",[],[],[],[],[]
627,[],[914],[],[183],[],[],[]
628,"[683, 685, 686, 687, 688]",[573],[1006],[],[],[],[]
636,[455],"[657, 755]",[],[280],[],[],[]
637,[],[657],[],[],[],[],[]
638,[424],"[657, 862]",[],[],[],[],[]
639,[566],"[284, 863]","[840, 1011, 1212]",[],[],[],[]
640,[],"[1390, 287]","[840, 1010, 255]",[],[],[],[]
641,[],[99],"[399, 137, 1019, 1215]",[],[],[],[]
642,"[73, 426, 15, 565, 472]",[668],[1011],[],[],[],[]
643,[],"[91, 943]",[1019],[],[],[],[]
644,[],[116],[],[],[],[],[]
645,[],[287],"[1216, 1017, 1211]",[],[],[],[]
646,[],[345],[],[],[],[],[]
647,[],[863],[1011],[],[],[],[]
648,[],[269],[265],[],[],[],[]
649,[],[345],"[1020, 1214]",[],[],[],[]
650,[],[436],[],[],[],[],[]
651,[],[538],[],[],[],[],[]
652,[],"[91, 943]",[1019],[],[],[],[]
653,"[1331, 1189]","[657, 693]","[1011, 1212]",[],[],[],[]
654,"[308, 309]","[657, 693]",[1006],[1293],[],[],[]
655,[],"[657, 693]",[],[],[],[],[]
656,[],"[657, 693]","[1011, 1006]",[603],"[472, 321, 259]",[],[]
657,"[1192, 653, 654, 655, 656, 1395, 250, 636, 637, 638, 671]",[710],[],[],[],[],[]
662,"[833, 1058, 567, 1096, 366, 820, 821, 663, 667, 764, 543]","[664, 691]",[1003],[],[362],[],[]
663,"[558, 479]",[662],[557],[1265],[],[],[]
664,"[911, 400, 913, 404, 662, 665, 410, 666, 668, 669, 922, 673, 1329, 704, 706, 580, 1229, 471, 221, 610, 1250, 487, 495, 496, 372, 501, 118]",[],[1000],[],[],[],[]
665,"[770, 1188, 455, 456, 457, 1419, 908, 909, 1279]",[664],[1003],[],[],[],[]
666,"[672, 593, 826, 605, 415]",[664],[],[],[],[],[]
667,"[832, 609, 833, 765, 1232, 1233, 1234, 412, 764, 413, 414]",[662],[],[],[],[],[]
668,"[642, 1282, 134, 8, 522, 524, 402, 22, 927, 1189, 552, 426, 427, 428, 1327, 1331, 582, 583, 200, 732, 608, 488, 491, 492, 493, 498, 499, 374, 375, 377, 767]",[664],"[1003, 1011]",[],[],"[441, 942]",[]
669,"[1420, 494, 434, 243, 212, 565, 829]",[664],"[1003, 1011]",[],[],[244],[]
670,"[480, 483, 484, 617, 783, 698]",[691],[1003],[],[],[],[]
671,"[798, 447]",[657],[1011],[],[],[],[]
672,"[416, 324, 613, 298, 910, 825, 415]",[666],[1003],[],[],"[562, 826, 1341, 911]",[]
673,[426],[664],[1011],[],[],[],[]
674,[776],[834],[1003],[],[],[],[]
675,"[605, 174, 1341, 764, 765]",[573],[],"[586, 85, 102]",[],[],[]
676,[785],[1177],[1228],[],[],[],[]
680,[],[190],[],[],[],[],[]
681,"[192, 194, 195, 196, 197]",[704],"[136, 189]",[],[682],[],[]
682,"[128, 193, 131, 135, 369, 468, 469, 1335, 1339, 190, 191]",[],"[1000, 1003]",[],[170],"[681, 839]",[]
683,[],[628],[],[],[],[],[]
684,"[451, 392, 393, 912, 440, 1245, 446]",[710],[],[],[],[],[]
685,[],[628],[],[],[],[],[]
686,[],[628],[],[],[],[],[]
687,[560],[628],[],[],[],[],[]
688,[],[628],[],[],[],[],[]
689,[],[362],[],[],[],[],[]
690,[],[252],[],[],[],[],[]
691,"[768, 705, 834, 1279, 1281, 841, 362, 430, 431, 1265, 662, 696, 670, 799]",[],[1000],[],[],[],[]
692,[],[184],[],[],[],[],[]
693,"[778, 1291, 653, 654, 655, 656, 1039, 1318, 807, 424, 1319, 1326, 182, 311, 184, 1338, 326, 327, 330, 345, 602, 1248, 357, 358, 1253, 757, 1269, 1278]",[],[1000],[],[],[],[]
694,"[462, 102]","[99, 573]","[137, 1006, 399]",[],[],[],[]
695,"[576, 575, 111, 245, 246, 574, 383]",[573],[1228],[],[],[],[]
696,"[1280, 1190, 551, 1193, 179, 408]",[691],[],[],[],[],[]
697,"[1024, 1025, 581, 1254, 1039, 1077, 183, 185, 1023]",[],[1000],[],[],[481],[]
698,[],"[705, 670]",[438],[],[],[],[]
703,"[228, 391, 392, 393, 1384, 397, 754, 755, 248]",[],"[1000, 1012]",[],[],[],[]
704,"[681, 843, 588, 1389]",[664],[1003],[],[],[],[]
705,"[455, 584, 395, 396, 397, 248, 698, 382]",[691],[],[],[],[],[]
706,"[827, 66, 98, 386, 41, 178, 22, 59]",[664],[1003],[99],[],[],[]
707,"[228, 170, 74, 138, 172, 463, 240, 1426, 116, 20]",[],"[1000, 1020]",[],[],[],[]
708,[],[282],"[840, 1011]",[],[],[],[345]
710,"[1164, 657, 1041, 1044, 1048, 1177, 1059, 1061, 1065, 1066, 684, 1068, 1076, 1209, 570, 571, 573, 1092, 1093, 1101, 1357, 476, 477, 1120, 484, 1126, 1127, 489, 758]",[],[1000],[],[],[],[]
732,"[1004, 276, 277, 278, 279, 281, 766]","[668, 285]","[1003, 1011]",[],[],[],[]
733,[14],[1038],[438],[],[],[],[]
749,"[618, 782]",[284],[1228],[],[],[],[]
754,"[354, 391, 394, 273, 476, 252, 253]",[703],"[1003, 1012]",[],[416],[],[]
755,"[544, 280, 390, 392, 395, 396, 333, 460, 209, 274, 756, 248, 636]",[703],[1020],[],[],[],[]
756,"[12, 7]",[755],[389],[],[209],[],[]
757,[],[693],[1013],[1328],[],[],[]
758,"[587, 588, 1038, 1102, 1103, 1105, 562, 474]",[710],[],[],[],[],[]
759,[],[916],[1013],[],[],[],[]
760,[],[916],[1013],[],[],[],[]
761,[],"[763, 404]",[],[],[],[],[]
762,[590],"[763, 404]",[],[],[],[],[]
763,"[761, 762]",[404],"[465, 399]",[],[],[],[]
764,[],"[667, 675, 662]",[411],[],[],[],[]
765,[],"[667, 675]",[411],[],[],[],[]
766,[],"[732, 1061]",[275],[],[],[],[]
767,[],[668],[275],[],[],[],[]
768,[],[691],[],[],[],[],[]
770,"[1325, 789, 774]","[400, 665]","[840, 1011, 399]",[],[],[20],[]
771,[773],[400],[399],[],[],[],[]
772,"[401, 1091, 775]",[404],[399],[],[],[911],[]
773,[],[771],[],[],[],[],[]
774,[],[770],[],[],[],[],[]
775,[],"[404, 772]",[],[],[],[],[]
776,[],"[674, 405]",[19],[],[],[827],[]
777,[],[625],[],[],[],[],[]
778,[],"[693, 223]","[1009, 1210]",[],[],[],[]
779,[],[400],"[1009, 1210]",[],[],[],[]
780,[],[327],[1013],[],[],[],[]
781,[],[1285],[],[],[822],[782],[]
782,[],[749],[1011],[],[781],[],[]
783,[],[670],"[569, 438]",[],[],[],[]
784,[],"[565, 807]",[1012],[],[],[],[]
785,[],"[120, 676, 20]",[],[],[],[],[]
786,"[124, 127]",[119],[1218],[],[],[],[]
787,"[121, 122, 123, 124]",[119],[1218],[],[],"[824, 825, 822, 823]",[]
788,"[121, 122, 126]",[119],[1218],[],[],[],[]
789,[],[770],[],[1325],[476],"[129, 1284]",[]
790,[791],[138],[1019],[],[],[],[]
791,"[792, 795]",[790],"[137, 1019]",[],[],[],[]
792,"[793, 794]",[791],[1019],[],[],[],[]
793,[],[792],[1019],[],[],[],[]
794,[],[792],[1019],[],[],[],[]
795,"[796, 797]",[791],[1019],[],[],[],[]
796,[],[795],[1019],[],[],[],[]
797,[],[795],[1019],[],[],[],[]
798,"[321, 259]","[344, 671, 1391, 287]","[320, 1010, 255]",[257],[],[],[]
799,"[307, 837]",[691],[],[],[],[],[]
804,[],"[1390, 863]",[1211],[],[],[330],[]
805,[806],[119],[1218],[],[],[130],[]
806,[],[805],[],[],[],[],[]
807,"[784, 350, 302]",[693],"[1012, 1006]",[],[],[],[]
820,"[1096, 567, 543]",[662],[557],[],[],[],[]
821,"[1088, 1264, 572, 574]",[662],[557],[],[],[],[]
822,[],[119],[465],[],"[787, 125]",[781],[]
823,[],[119],[465],[],"[787, 125]",[129],[]
824,[],[119],[465],[],"[787, 125]",[],[]
825,"[416, 415]","[672, 119]",[465],[],"[787, 125]",[562],[]
826,[],[666],"[840, 399]",[],[672],[],[]
827,[],"[706, 829]",[1011],[],[776],[],[]
828,[479],[364],[],[],[],[],[]
829,"[98, 827, 830]",[669],"[1016, 1214]",[],[],[],[]
830,[],[829],[1016],[],[],[],[]
831,[],[364],[],[],[],[],[]
832,[],[667],[411],[],[],[],[]
833,[],"[667, 662]",[411],[],[],[],[]
834,"[674, 835, 1322]",[691],[1003],[],[],"[1339, 606]",[]
835,[],[834],[438],[],[],[1322],[]
836,[],[1390],"[1010, 1211]",[602],[],[],[]
837,[],[799],"[840, 438]",[],[],[],[]
838,[],[116],[137],[],[],[],[]
839,[],[1023],[189],[],"[682, 195, 124, 119]",[],[]
840,[],[],[],[],[],[],[]
841,[],[691],"[840, 1217, 1018, 438]",[],[],[],[]
842,[],[286],[1212],[],[],[],[]
843,[],[704],[136],[1287],[119],[],[]
862,"[425, 1314, 939, 638]","[284, 285]","[1003, 1011]",[],[],[],[]
863,"[804, 647, 551, 942, 1244, 639]","[284, 285]","[1003, 1011]",[],[],[],[]
908,[457],[665],[399],[],[],[909],[]
909,"[456, 1271]",[665],[399],[],[908],[],[]
910,[],[672],[399],[],[],[],[]
911,[],[664],[399],[],"[672, 772]",[],[]
912,[506],[684],[],[],[],[],[]
913,"[1321, 914, 915, 470, 502, 94]",[664],[1003],[],[],[],[]
914,"[627, 621]","[913, 99]",[399],[],[],[],[]
915,[1321],[913],[399],[502],[],[],[]
916,"[760, 759]","[328, 327]","[1010, 310, 255]",[],[],[],[]
917,[],"[74, 77]",[137],[1336],[],[],[]
918,[],"[441, 610]",[417],[],[],[],[]
920,[],[400],[399],[],[],[],[]
921,[],[922],"[1011, 199]",[],[],[],[]
922,"[312, 921]",[664],[1013],[],[],[],[]
923,"[291, 420, 419, 297, 300, 940, 941, 942, 1275]",[284],[1011],[],[],"[322, 350]",[]
924,[],[345],"[417, 1020, 1214]",[],[],[],[]
925,[],[940],[],[],[],[],[]
926,[],[285],[],[],[],[],[]
927,[],"[668, 285]",[],[],[],[],[]
939,[],[862],"[1011, 1212]",[],[],[],[]
940,[925],"[346, 923]","[417, 1014]",[],[],[],[]
941,[],[923],"[417, 1014]",[],[406],[],[]
942,[],"[923, 863, 183]",[1011],[],[668],[],[]
943,"[89, 90, 643, 652]",[74],[1019],[],[],[],[]
1000,[],[],[],[],[],[],[]
1003,[],[],[],[],[],[],[]
1004,[],[732],[],[],[],[],[]
1006,[],[],[],[],[],[],[]
1007,[],[451],[355],[],[],[],[]
1009,[],[],[],[],[],[],[]
1010,[],[],[],[],[],[],[]
1011,[],[],[],[],[],[],[]
1012,[],[],[],[],[],[],[]
1013,[],[],[],[],[],[],[]
1014,[],[],[],[],[],[],[]
1015,[],[],[],[],[],[],[]
1016,[],[],[],[],[],[],[]
1017,[],[],[],[],[],[],[]
1018,[],[],[],[],[],[],[]
1019,[],[],[],[],[],[],[]
1020,[],[],[],[],[],[],[]
1021,[],"[441, 610, 451]",[355],[],[],[],[]
1022,[],[266],[],[],[],[],[]
1023,"[184, 187, 478, 839]",[697],[],[],[],[],[]
1024,[],[697],[19],[],[],[],[]
1025,"[595, 486]",[697],[438],[],[],[],[]
1037,[],[1038],[438],[1264],[],[],[]
1038,"[1037, 733]","[435, 758]",[],[],[],[],[]
1039,[],"[697, 693]",[],[],[],[],[]
1041,[],[710],[1006],[],[],[],[]
1042,[],[1176],[],[],[],[],[]
1043,[],[1093],"[1226, 1006]",[],[],[],[]
1044,[],[710],[1006],[],[],[],[]
1045,[],[1076],[1006],[],[],[],[]
1046,[],[1176],[1006],[],[],[],[]
1047,[],[1120],[1226],[],[],[],[]
1048,[],[710],[1006],[],[],[],[]
1049,[],[1176],[1006],[],[],[],[]
1050,[],[405],[1006],[],[],[],[]
1051,[],[1419],[452],[],[],[],[]
1052,[],[1419],[452],[],[],[],[]
1053,[],[1059],"[1208, 1225]",[],[],[],[]
1054,[],[1061],[1227],[],[],[],[]
1055,[],[1093],[1226],[],[],[],[]
1056,[],[1120],[1226],[],[],[],[]
1057,[],[1061],[1227],[],[],[],[]
1058,[],[662],[557],[],[],[],[]
1059,"[1110, 1111, 1112, 1053, 1118]",[710],"[1208, 1195]",[],[],[],[]
1060,[],[1120],[1226],[],[],[],[]
1061,"[1057, 1090, 1062, 1100, 1105, 1054, 1083, 766]",[710],[],[],[],[],[]
1062,[],[1061],[1227],[],[],[],[]
1063,[],[1176],[1006],[],[],[],[]
1064,[],[1120],[1226],[],[],[],[]
1065,[],[710],[1006],[],[],[],[]
1066,[],[710],[1006],[],[],[],[]
1067,[],[1176],[1006],[],[],[],[]
1068,[],[710],[1225],[],[],[],[]
1069,[],[1071],[],[],[],[],[]
1070,[],[1076],[1006],[],[],[],[]
1071,"[585, 1069]",[1164],[1006],[],[],[],[]
1072,[],[405],[1006],[],[],[],[]
1073,[],[405],[1006],[],[],[],[]
1074,[],[1093],[1226],[],[],[],[]
1075,[],[1120],[1226],[],[],[],[]
1076,"[1091, 1097, 586, 1098, 1070, 594, 1108, 1045, 1078, 1079, 1082, 1087]",[710],[],[],[],[],[]
1077,[],[697],[],[],[],[],[]
1078,"[546, 547, 1099, 1106, 1107, 1117, 1109, 1113, 1114, 1115, 1116, 1085]",[1076],[],[],[],[],[]
1079,[],[1076],[1006],[],[],[],[]
1080,[],[1120],[1226],[],[],[],[]
1082,[],[1076],[1006],[],[],[],[]
1083,[],[1061],[1227],[],[],[],[]
1084,[],[405],[1006],[],[],[],[]
1085,[],[1078],[1006],[],[],[],[]
1086,[],[1093],[1226],[],[],[],[]
1087,[],[1076],[1006],[],[],[],[]
1088,[],[821],[],[],[],[],[]
1089,[],[405],[1006],[],[],[],[]
1090,[],[1061],[1227],[],[],[],[]
1091,[],"[772, 1076]",[],[],[],[],[]
1092,[],[710],[1006],[],[],[],[]
1093,"[1074, 1043, 1086, 1055]",[710],[],[],[],[],[]
1094,[],[405],[1006],[],[],[],[]
1095,[],[1120],[1226],[],[],[],[]
1096,[],"[820, 662]",[],[],[],[],[]
1097,[],"[595, 1076]",[1006],[],[],[],[]
1098,[],[1076],[1006],[],[],[],[]
1099,[],[1078],[1006],[],[],[],[]
1100,[],[1061],[1227],[],[],[],[]
1101,[],[710],[1006],[],[],[],[]
1102,[],[758],[1006],[1105],[],[],[]
1103,[],[758],[1006],[],[],[],[]
1104,[],[1357],[1006],[],[],[],[]
1105,[188],"[1061, 758]",[1227],[1102],[],[],[]
1106,[],[1078],[1006],[],[],[],[]
1107,[],[1078],[1006],[],[],[],[]
1108,[],[1076],[1006],[],[],[],[]
1109,[],[1078],[1006],[],[],[],[]
1110,[],[1059],[1225],[],[],[],[]
1111,[],[1059],[1225],[],[],[],[]
1112,[],[1059],[1225],[],[],[],[]
1113,[],[1078],[1006],[],[],[],[]
1114,[],[1078],[1006],[],[],[],[]
1115,[],[1078],[1006],[],[],[],[]
1116,[],[1078],[1006],[],[],[],[]
1117,[],[1078],[1006],[],[],[],[]
1118,[],[1059],[1225],[],[],[],[]
1119,[],[1120],[1226],[],[],[],[]
1120,"[1056, 1121, 1122, 1123, 1060, 1124, 1125, 1095, 1064, 1075, 1047, 1080, 1119]",[710],[],[],[],[],[]
1121,[],[1120],[1226],[],[],[],[]
1122,[],[1120],[1226],[],[],[],[]
1123,[],[1120],[1226],[],[],[],[]
1124,[],[1120],[1226],[],[],[],[]
1125,[],[1120],[1226],[],[],[],[]
1126,[],[710],[1006],[],[],[],[]
1127,[],[710],[1006],[],[],[],[]
1164,"[107, 110, 1071, 561, 563]",[710],[],[],[],[],[]
1173,"[102, 105, 106, 554, 108, 109, 1174]",[20],[1215],[],[],[],[]
1174,[],[1173],[],[],[],[],[]
1176,"[1063, 1067, 1042, 1046, 1049]",[405],[],[],[],[],[]
1177,"[242, 676]",[710],[],[],[],[],[]
1188,[453],"[665, 1419]","[452, 399]",[],[],[],[]
1189,[1303],"[668, 653]",[1198],[1331],[],[],[]
1190,[],[696],[1196],[],[],[],[]
1191,[],[284],[1207],"[1299, 1263]",[],[],[]
1192,[],[657],[1198],[],[],[],[]
1193,[],[696],[1196],[],[],[],[]
1195,[],[],[],[],[],[],[]
1196,[],[],[],[],[],[],[]
1197,[],[],[],[],[],[],[]
1198,[],[],[],[],[],[],[]
1199,[],[],[],[],[],[],[]
1201,[],[],[],[],[],[],[]
1202,[],[],[],[],[],[],[]
1203,[],[],[],[],[],[],[]
1204,[329],[330],[310],[],[],[],[]
1205,[],[],[],[],[],[],[]
1206,[],[],[],[],[],[],[]
1207,[],[],[],[],[],[],[]
1208,[],[],[],[],[],[],[]
1209,[],[710],[1199],[],[],[],[]
1210,[],[],[],[],[],[],[]
1211,[],[],[],[],[],[],[]
1212,[],[],[],[],[],[],[]
1213,[],[],[],[],[],[],[]
1214,[],[],[],[],[],[],[]
1215,[],[],[],[],[],[],[]
1216,[],[],[],[],[],[],[]
1217,[],[],[],[],[],[],[]
1218,[],[],[],[],[],[],[]
1219,[],[],[],[],[],[],[]
1220,[1222],[284],"[1212, 1198]",[],[],[],[]
1221,[],[1419],[1199],[],[],[],[]
1222,[],[1220],[1198],[],[],[],[]
1223,[],[362],[1199],[],[],[],[]
1224,[],[284],[1199],[],[],[],[]
1225,[],[],[],[],[],[],[]
1226,[],[],[],[],[],[],[]
1227,[],[],[],[],[],[],[]
1228,[],[],[],[],[],[],[]
1229,[514],[664],[],[],[],[],[]
1230,"[202, 612]",[285],"[1212, 199]",[],[],[],[]
1231,[],[284],[1199],[],[],[],[]
1232,[],[667],"[1206, 1199]",[],[],[],[]
1233,[],"[667, 284]",[1199],[],[],[],[]
1234,[],[667],"[1207, 1199]",[],[],[],[]
1235,[],[400],[1006],[],[],[],[]
1236,[],[74],[137],[],[],[],[]
1239,[],[226],[],[],[],[],[]
1240,[],[327],"[1205, 310]",[],[],[],[]
1241,[],[330],"[1213, 1205]",[],[],[],[]
1242,[],[284],[1198],[],[],[],[]
1243,[],[1263],[1207],[],[],[],[]
1244,[],[863],[1207],[],[],[],[]
1245,[],[684],[1199],[],[],[],[]
1246,[],[400],[1202],[],[],[],[]
1247,[],[1384],"[1388, 1206]",[1332],[],[],[]
1248,[],[693],"[1195, 1388, 1206]",[],[],[],[]
1249,[],[1250],[],[],[],[],[]
1250,"[1249, 1251]",[664],[1199],[],[],[],[]
1251,[],[1250],[1202],[1312],[],[],[]
1252,[],[284],[1201],[],[],[],[]
1253,[],[693],[1199],[],[],[],[]
1254,[],"[208, 697]",[1199],[1261],[],[],[]
1255,[],[1300],"[1388, 1206]",[1259],[],[],[]
1256,[],[285],[1206],[],[],[],[]
1257,[],[284],[1202],[],[119],[],[]
1258,[],"[200, 212]",[1207],[],[],[],[]
1259,[],"[284, 1294]",[],[1255],[],[],[]
1260,[],[284],[1198],[],[119],[],[]
1261,[],[1384],"[1388, 1199]",[1254],[],[],[]
1262,[],[284],[1198],[],[],[],[]
1263,[1243],[284],[1208],[1191],[],[],[]
1264,[],[821],[1196],[1037],[],[],[]
1265,[],[691],[371],[663],[416],[],[]
1266,[],[404],[1195],[],[],[],[]
1267,[],[284],[1198],[],[],[],[]
1268,[],[284],[1198],[],[],[],[]
1269,[],[693],[1195],[],[],[],[]
1270,[],"[284, 1294]",[],[],[],[],[]
1271,[],[909],[1206],[1304],[],[],[]
1272,[],[226],[1207],[],[200],[],[]
1273,[],[200],[1195],[],[],[],[]
1274,[],[284],[1196],[],[],[],[]
1275,[],[923],[],[],[352],[],[]
1276,[],[284],[1197],[],[],[],[]
1277,[],[1329],[1208],[],[],[],[]
1278,[],[693],[1388],[],[],[],[]
1279,[],"[665, 691]",[1205],[],[],[],[]
1280,[],"[696, 284]",[1198],[],[],[],[]
1281,[],[691],[1201],[],[],[],[]
1282,[],[668],[1202],[],[471],[],[]
1283,[],[284],[1196],[],[],[],[]
1284,[606],[20],"[1218, 1215]",[],[789],[],[]
1285,"[129, 781]",[20],[1215],[],[],[],[]
1286,[112],[20],[1215],[],[],[],[]
1287,[],[20],"[136, 1215]",[843],[],[],[]
1288,[],[20],[1215],[],[],[],[]
1289,[],[20],[1215],"[41, 178]",[],[],[]
1290,[],"[284, 1294]",[],[],[],[],[]
1291,[],[693],[1207],[321],[],[],[]
1292,[],"[284, 1294]",[],[],[],[],[]
1293,[],[345],[],[654],[],[],[]
1294,"[1290, 1259, 1292, 1270, 1302]",[284],[1198],[],[],[],[]
1295,[],[200],[1207],[209],[],[],[]
1296,[],[284],[1207],[],[],[],[]
1297,[],[285],[1195],[],[],[],[]
1298,[],[362],[1199],[],[],[],[]
1299,[],"[288, 420]",[1198],"[1314, 1191]",[],[],[]
1300,[1255],[203],[1388],[],[],[],[]
1301,[1330],[226],[1208],[],[],[],[]
1302,[],[1294],[1198],[],[],[],[]
1303,[],"[203, 1189]",[1198],[],[],[],[]
1304,[],[284],[1206],"[345, 1271]",[],[],[]
1310,[],[1329],[1196],[],[],[],[]
1311,[],[284],[1203],[],[],[],[]
1312,[],[284],[1203],[1251],[],[],[]
1313,[],[284],[1207],[],[],[],[]
1314,[],[862],"[1206, 1198]",[1299],[],[],[]
1315,[],[284],[1203],[],[],[],[]
1316,[],[284],[1203],[],[],[],[]
1317,[],[284],[1203],[],[],[],[]
1318,[],[693],[1198],[],[],[],[]
1319,[],[693],[1388],[],[],[],[]
1320,[],[284],[1206],[],[],[],[]
1321,[],"[913, 915]",[],[],[471],[],[]
1322,[],[834],[557],[],[835],[],[]
1323,[],[284],[1207],[],[],[],[]
1325,[],[770],[],[789],[476],[],[]
1326,[],[693],[1196],[],[],[],[]
1327,[],[668],[417],[],[],[],[]
1328,[],[285],[1196],[757],[],[],[]
1329,"[1277, 1310]","[664, 1357]",[1208],[],[],[],[]
1330,[],[1301],[],[],[],[],[]
1331,[],"[668, 653]",[1203],[1189],[],[],[]
1332,[],[1384],"[1388, 1206]",[1247],[],[],[]
1333,[],[407],[1226],[],[],[],[]
1334,[],[284],[1198],[],[],[],[]
1335,[],[682],[189],[],[],[],[]
1336,[],[94],[],[917],[],[],[]
1338,[],[693],[1206],[],[],[],[]
1339,[],[682],[189],[190],"[834, 119]",[],[]
1341,[415],[675],[399],[],[672],[],[]
1342,[],[226],[1201],[],[],[],[]
1351,[],[1384],"[1388, 1205]",[],[],[],[]
1357,"[1104, 1329]",[710],[1208],[],[],[],[]
1384,"[1332, 1261, 1351, 1247]",[703],[1388],[],[],[],[]
1385,[],[346],[],[],[],[],[]
1386,[],[59],[],[],[],[],[]
1388,[],[],[],[],[],[],[]
1389,[],[704],[189],[],[],[],[]
1390,"[640, 262, 263, 522, 289, 290, 804, 294, 301, 302, 303, 305, 307, 308, 309, 836, 593, 603, 620, 1391]",[287],[],[],[],[],[]
1391,"[1392, 521, 798]",[1390],[],[],[],[],[]
1392,"[1393, 1394]",[1391],[255],[],[],[],[]
1393,[],[1392],[],[],[],[],[]
1394,[],[1392],[],[],[],[],[]
1395,[],[657],[],[],[],[],[]
1419,"[1188, 1221, 454, 1051, 1052]",[665],[],[],[],[],[]
1420,"[1421, 1422, 1423]",[669],"[1201, 1202, 1198]",[],[],[],[]
1421,[],[1420],[],[],[],[],[]
1422,[],[1420],[],[],[],[],[]
1423,[],[1420],[],[],[],[],[]
1426,[],[707],[],[],[],[],[]
